duty_pct,mean,median,max
5,1.0016275351842119,1.0015036476018548,1.003078657614623
10,1.002895387343958,1.0028130180835098,1.005002601280967
25,1.00703086800826,1.0063297541646488,1.014252827906107
50,1.0128167900303913,1.0136087239597242,1.0211719157665295
100,1.0239291117982865,1.0246892455917342,1.0419547963566895
