{
  "1_8": {
    "cols": [
      "FADD_RELEASE",
      "MAX_ACQUIRE",
      "XCHG_ACQREL"
    ],
    "loadings": [
      [
        0.5887718181433239,
        0.388654944773626,
        0.7087277898200512
      ],
      [
        0.6231498741517225,
        0.34019733530718516,
        -0.7042371812071438
      ],
      [
        0.5148125683245286,
        -0.8562786386176527,
        0.04189167628780419
      ]
    ]
  },
  "2_8": {
    "cols": [
      "FADD_RELEASE",
      "MAX_ACQUIRE",
      "XCHG_ACQREL"
    ],
    "loadings": [
      [
        0.5860231213313322,
        0.5531930441905112,
        0.5920763102204966
      ],
      [
        0.6243570183126661,
        0.15746997467643128,
        -0.7651022943104544
      ],
      [
        0.5164835088836811,
        -0.8180346343124103,
        0.25310891354624665
      ]
    ]
  },
  "4_8": {
    "cols": [
      "CAS_ACQREL",
      "FADD_RELEASE",
      "MAX_ACQUIRE",
      "XCHG_ACQREL"
    ],
    "loadings": [
      [
        0.4985300170875086,
        -0.1098680128035473,
        -0.03900282783307123,
        0.8589968691714496
      ],
      [
        0.5071875097203344,
        0.6261435544190859,
        0.5613080641841798,
        -0.18878118636381
      ],
      [
        0.5484548358144073,
        0.13087831179075524,
        -0.7545142437138977,
        -0.3358220013748928
      ],
      [
        0.4398021658862143,
        -0.760752349010396,
        0.3378169512260712,
        -0.3372085791039165
      ]
    ]
  },
  "8_1": {
    "cols": [
      "CAS_ACQREL",
      "FADD_RELEASE",
      "MAX_ACQUIRE",
      "XCHG_ACQREL"
    ],
    "loadings": [
      [
        0.5252728920788031,
        0.22475213306288178,
        0.11288875570361821,
        0.8129151224860708
      ],
      [
        0.48419138021648556,
        0.61486170667192,
        0.32887576045507666,
        -0.5285305319256814
      ],
      [
        0.5313131859899859,
        -0.14703135003618573,
        -0.8124338056924226,
        -0.18984043791519756
      ],
      [
        0.45536073015181655,
        -0.7414939935418997,
        0.4680258266259571,
        -0.15422415046930474
      ]
    ]
  },
  "8_2": {
    "cols": [
      "CAS_ACQREL",
      "FADD_RELEASE",
      "MAX_ACQUIRE",
      "XCHG_ACQREL"
    ],
    "loadings": [
      [
        0.5208387884343496,
        0.368312644775697,
        -0.0913886035803305,
        -0.7646704357409193
      ],
      [
        0.4879669904362969,
        0.4168164446615812,
        -0.48816880623866854,
        0.5914756836250631
      ],
      [
        0.534677007691506,
        -0.03659602896382896,
        0.8063418916866535,
        0.25018789303506556
      ],
      [
        0.452477259265965,
        -0.8302232096382813,
        -0.32117299615992034,
        -0.053307209294159025
      ]
    ]
  },
  "8_4": {
    "cols": [
      "CAS_ACQREL",
      "FADD_RELEASE",
      "MAX_ACQUIRE",
      "XCHG_ACQREL"
    ],
    "loadings": [
      [
        0.5166951762319759,
        0.0515231530751431,
        0.20603681035628993,
        -0.829409604679141
      ],
      [
        0.49365936851898523,
        0.49989404065020143,
        -0.6918143869232642,
        0.16673101103825627
      ],
      [
        0.5355949219260021,
        0.19679648123037966,
        0.6464496070782113,
        0.5064702657519459
      ],
      [
        0.4499606675467573,
        -0.8418565541676037,
        -0.24707203875109054,
        0.16663837353174407
      ]
    ]
  }
}